[
            {
                "bookId":101,
                "bookTitle": "AngularJs",
                "topic": "AngularJs",
                "author":"Green",
                "cost":375,
                "imgUrl":"imgs/AngularJS1.JPG",
                "Issued":true
            },
            {
                "bookId":102,
                "bookTitle": "Instant AngularJs starter",
                "topic": "AngularJs",
                "author":"Dan Menard",
                "cost":4657,
                "imgUrl":"imgs/AngularJS2.JPG",
                "Issued":false
            },
            {
                "bookId":103,
                "bookTitle": "Ng-Book: the complete book on AngularJs",
                "topic": "AngularJs",
                "author":"Ari Lerner",
                "cost":4657,
                "imgUrl":"imgs/AngularJS3.JPG",
                "Issued":false
            },
            {
                "bookId":104,
                "bookTitle": "Developing backboneJS application",
                "topic": "BackboneJS",
                "author":"Green",
                "cost":650,
                "imgUrl":"imgs/BackboneJS1.JPG",
                "Issued":true
            },
            {
                "bookId":105,
                "bookTitle": "Backbone.js Patterns and Best Practises",
                "topic": "BackboneJS",
                "author":"Green",
                "cost":390,
                "imgUrl":"imgs/BackboneJS2.JPG",
                "Issued":true
            }
            
        ]
